<?xml version="1.0" encoding="UTF-8"?><?xml-stylesheet type='text/xsl' href='_UpgradeReport_Files/UpgradeReport.xslt'?><UpgradeLog>
<Properties><Property Name="Solution" Value="lab 4">
</Property><Property Name="Solution File" Value="C:\Users\a0105649\Downloads\lab 4\lab 4.sln">
</Property><Property Name="User Options File" Value="C:\Users\a0105649\Downloads\lab 4\lab 4.suo">
</Property><Property Name="Date" Value="Tuesday, 28 October, 2014">
</Property><Property Name="Time" Value="10:09 AM">
</Property></Properties><Event ErrorLevel="0" Project="" Source="lab 4.sln" Description="File successfully backed up as C:\Users\a0105649\Downloads\lab 4\lab 4.sln.old">
</Event><Event ErrorLevel="0" Project="" Source="lab 4.suo" Description="File successfully backed up as C:\Users\a0105649\Downloads\lab 4\lab 4.suo.old">
</Event><Event ErrorLevel="0" Project="lab 4" Source="lab 4.vcproj" Description="Converting project file 'C:\Users\a0105649\Downloads\lab 4\lab 4.vcproj'.">
</Event><Event ErrorLevel="1" Project="lab 4" Source="lab 4.vcproj" Description="VCWebServiceProxyGeneratorTool is no longer supported. The tool has been removed from your project settings.">
</Event><Event ErrorLevel="0" Project="lab 4" Source="lab 4.vcproj" Description="Done converting to new project file 'C:\Users\a0105649\Downloads\lab 4\lab 4.vcxproj'.">
</Event><Event ErrorLevel="3" Project="lab 4" Source="lab 4.vcproj" Description="Converted">
</Event><Event ErrorLevel="0" Project="" Source="lab 4.sln" Description="Solution converted successfully">
</Event><Event ErrorLevel="3" Project="" Source="lab 4.sln" Description="Converted">
</Event></UpgradeLog>